layer,sycophancy_rate,delta,n_flipped,n_patched
2,0.6333333333333333,0.0,0,19
4,0.6,-0.033333333333333326,1,19
6,0.6,-0.033333333333333326,1,19
8,0.5333333333333333,-0.09999999999999998,3,19
12,0.5333333333333333,-0.09999999999999998,3,19
16,0.09999999999999998,-0.5333333333333333,16,19
20,0.0,-0.6333333333333333,19,19
23,0.4,-0.23333333333333328,7,19
